date,triplet_id,residual_z_score
2023-01-11,AAPL_QQQ_XLK,0.11975350749068181
2023-01-12,AAPL_QQQ_XLK,-0.4130485511906059
2023-01-13,AAPL_QQQ_XLK,0.22162350526692812
2023-01-16,AAPL_QQQ_XLK,-0.5586747413879999
2023-01-17,AAPL_QQQ_XLK,-0.051183015659332066
2023-01-18,AAPL_QQQ_XLK,-0.1337048921385527
2023-01-19,AAPL_QQQ_XLK,0.7482715330892197
2023-01-20,AAPL_QQQ_XLK,-0.5491950008017507
2023-01-23,AAPL_QQQ_XLK,0.021762649392668466
2023-01-24,AAPL_QQQ_XLK,-0.12597479463119188
2023-01-25,AAPL_QQQ_XLK,-0.024880635180777964
2023-01-26,AAPL_QQQ_XLK,0.43656601421454355
2023-01-27,AAPL_QQQ_XLK,-0.7316700081681575
2023-01-30,AAPL_QQQ_XLK,-0.5336840164862882
2023-01-31,AAPL_QQQ_XLK,0.13030148554434867
2023-02-01,AAPL_QQQ_XLK,0.6136616023231894
2023-02-02,AAPL_QQQ_XLK,-0.08974866764858944
2023-02-03,AAPL_QQQ_XLK,-0.0019766016950388677
2023-02-06,AAPL_QQQ_XLK,0.3623811345634228
2023-02-07,AAPL_QQQ_XLK,1.113953836712936
2023-02-08,AAPL_QQQ_XLK,0.3939284073573357
2023-02-09,AAPL_QQQ_XLK,0.5973511329922473
2023-02-10,AAPL_QQQ_XLK,0.985481551419263
2023-02-13,AAPL_QQQ_XLK,0.8105286160416897
2023-02-14,AAPL_QQQ_XLK,0.06768385642229902
2023-02-15,AAPL_QQQ_XLK,0.7633791040849149
2023-02-16,AAPL_QQQ_XLK,0.28388930099950727
2023-02-17,AAPL_QQQ_XLK,-0.5032006528830565
2023-02-20,AAPL_QQQ_XLK,1.5842354682079205
2023-02-21,AAPL_QQQ_XLK,0.7125777022512553
2023-02-22,AAPL_QQQ_XLK,1.5066494171287943
2023-02-23,AAPL_QQQ_XLK,-0.09556099884005742
2023-02-24,AAPL_QQQ_XLK,-0.06663866656133022
2023-02-27,AAPL_QQQ_XLK,1.4337431612710871
2023-02-28,AAPL_QQQ_XLK,0.6072918558696133
2023-03-01,AAPL_QQQ_XLK,0.38282467857550345
2023-03-02,AAPL_QQQ_XLK,2.372156586027127
2023-03-03,AAPL_QQQ_XLK,-0.2312944125353038
2023-03-06,AAPL_QQQ_XLK,-1.1175948958897943
2023-03-07,AAPL_QQQ_XLK,-0.9335883637260527
2023-03-08,AAPL_QQQ_XLK,-1.986235552916548
2023-03-09,AAPL_QQQ_XLK,3.061114014624472
2023-03-10,AAPL_QQQ_XLK,-1.6678077785729193
2023-03-13,AAPL_QQQ_XLK,-1.2899683465645133
2023-03-14,AAPL_QQQ_XLK,1.0537949191417224
2023-03-15,AAPL_QQQ_XLK,-1.8381980735865997
2023-03-16,AAPL_QQQ_XLK,-0.4863896189420684
2023-03-17,AAPL_QQQ_XLK,-0.125976703800278
2023-03-20,AAPL_QQQ_XLK,3.399575643057069
2023-03-21,AAPL_QQQ_XLK,0.33836824070278904
2023-03-22,AAPL_QQQ_XLK,0.25662683070153586
2023-03-23,AAPL_QQQ_XLK,-0.9976762506437287
2023-03-24,AAPL_QQQ_XLK,0.26544445367351177
2023-03-27,AAPL_QQQ_XLK,-0.5628425536996016
2023-03-28,AAPL_QQQ_XLK,0.18459456575603328
2023-03-29,AAPL_QQQ_XLK,1.5770806640171555
2023-03-30,AAPL_QQQ_XLK,0.20293510359413613
2023-03-31,AAPL_QQQ_XLK,1.5144885780843083
2023-04-03,AAPL_QQQ_XLK,1.5975916578548908
2023-04-04,AAPL_QQQ_XLK,0.42036112300998246
2023-04-05,AAPL_QQQ_XLK,0.6360367197537266
2023-04-06,AAPL_QQQ_XLK,-0.4873807259075073
2023-04-07,AAPL_QQQ_XLK,0.2943385397569087
2023-04-10,AAPL_QQQ_XLK,-0.14263342013474062
2023-04-11,AAPL_QQQ_XLK,0.2992152515331807
2023-04-12,AAPL_QQQ_XLK,0.54955310803781
2023-04-13,AAPL_QQQ_XLK,-1.0089867188116648
2023-04-14,AAPL_QQQ_XLK,0.902633824138326
2023-04-17,AAPL_QQQ_XLK,0.5757134399178
2023-04-18,AAPL_QQQ_XLK,-0.12337096180104473
2023-04-19,AAPL_QQQ_XLK,-0.016711128568166447
2023-04-20,AAPL_QQQ_XLK,-0.34672708885250847
2023-04-21,AAPL_QQQ_XLK,-0.5436807447152227
2023-04-24,AAPL_QQQ_XLK,-0.6740730858420737
2023-04-25,AAPL_QQQ_XLK,-0.12416323394873319
2023-04-26,AAPL_QQQ_XLK,0.0012949734735922148
2023-04-27,AAPL_QQQ_XLK,-0.265227909775311
2023-04-28,AAPL_QQQ_XLK,0.3357089037077234
2023-05-01,AAPL_QQQ_XLK,0.26879472684545663
2023-05-02,AAPL_QQQ_XLK,-0.2008096963115435
2023-05-03,AAPL_QQQ_XLK,-0.6457051637061235
2023-05-04,AAPL_QQQ_XLK,-0.6091489607619535
2023-05-05,AAPL_QQQ_XLK,0.41061390312098983
2023-05-08,AAPL_QQQ_XLK,-1.1000012132187924
2023-05-09,AAPL_QQQ_XLK,0.5216822570954376
2023-05-10,AAPL_QQQ_XLK,0.16746601871733213
2023-05-11,AAPL_QQQ_XLK,0.16108323879563646
2023-05-12,AAPL_QQQ_XLK,0.4621968147797062
2023-05-15,AAPL_QQQ_XLK,0.0004457946402397787
2023-05-16,AAPL_QQQ_XLK,0.19817605331765453
2023-05-17,AAPL_QQQ_XLK,-0.49763417343475397
2023-05-18,AAPL_QQQ_XLK,0.11527876234782564
2023-05-19,AAPL_QQQ_XLK,-0.874370359128743
2023-05-22,AAPL_QQQ_XLK,0.4606252062198268
2023-05-23,AAPL_QQQ_XLK,-0.19037032251673136
2023-05-24,AAPL_QQQ_XLK,-0.4037131782804196
2023-05-25,AAPL_QQQ_XLK,0.6704448492131279
2023-05-26,AAPL_QQQ_XLK,-0.369405848070534
2023-05-29,AAPL_QQQ_XLK,0.22382916857293278
2023-05-30,AAPL_QQQ_XLK,0.19742799615486553
2023-05-31,AAPL_QQQ_XLK,0.7501556487431243
2023-06-01,AAPL_QQQ_XLK,0.20202721455880873
2023-06-02,AAPL_QQQ_XLK,-0.07733776960802068
2023-06-05,AAPL_QQQ_XLK,-0.0495018563306052
2023-06-06,AAPL_QQQ_XLK,-0.054293944602356856
2023-06-07,AAPL_QQQ_XLK,-0.3495688439047779
2023-06-08,AAPL_QQQ_XLK,-0.21321432382770614
2023-06-09,AAPL_QQQ_XLK,0.9061038512676536
2023-06-12,AAPL_QQQ_XLK,0.09830458477741401
2023-06-13,AAPL_QQQ_XLK,0.0045518714402545506
2023-06-14,AAPL_QQQ_XLK,0.03848860058998956
2023-06-15,AAPL_QQQ_XLK,0.47349697212087005
2023-06-16,AAPL_QQQ_XLK,-1.0428282823057502
2023-06-19,AAPL_QQQ_XLK,0.0582682039758263
2023-06-20,AAPL_QQQ_XLK,0.3023704590599176
2023-06-21,AAPL_QQQ_XLK,-0.06470688148884053
2023-06-22,AAPL_QQQ_XLK,0.024881421721856704
2023-06-23,AAPL_QQQ_XLK,-0.08060060624396798
2023-06-26,AAPL_QQQ_XLK,0.7279353084731778
2023-06-27,AAPL_QQQ_XLK,-1.1404987438611338
2023-06-28,AAPL_QQQ_XLK,-0.38472639823402777
2023-06-29,AAPL_QQQ_XLK,1.0575268151988522
2023-06-30,AAPL_QQQ_XLK,-0.38615186115874833
2023-07-03,AAPL_QQQ_XLK,0.19721804935944384
2023-07-04,AAPL_QQQ_XLK,0.2851044315787211
2023-07-05,AAPL_QQQ_XLK,-0.5237173695221263
2023-07-06,AAPL_QQQ_XLK,0.17827480941410145
2023-07-07,AAPL_QQQ_XLK,-0.3059248850656102
2023-07-10,AAPL_QQQ_XLK,-0.060463370025738226
2023-07-11,AAPL_QQQ_XLK,-0.00741549024276512
2023-07-12,AAPL_QQQ_XLK,1.6862415116003895
2023-07-13,AAPL_QQQ_XLK,0.5411369823462389
2023-07-14,AAPL_QQQ_XLK,0.525687734254727
2023-07-17,AAPL_QQQ_XLK,0.4411747577183318
2023-07-18,AAPL_QQQ_XLK,1.6501561223991414
2023-07-19,AAPL_QQQ_XLK,-0.5158191779096234
2023-07-20,AAPL_QQQ_XLK,-0.18341935228687845
2023-07-21,AAPL_QQQ_XLK,0.027902398574570775
2023-07-24,AAPL_QQQ_XLK,0.6594951444508675
2023-07-25,AAPL_QQQ_XLK,1.1108117293312518
2023-07-26,AAPL_QQQ_XLK,0.754676696394182
2023-07-27,AAPL_QQQ_XLK,0.9001529028498728
2023-07-28,AAPL_QQQ_XLK,0.9048687841130075
2023-07-31,AAPL_QQQ_XLK,1.1276551391352159
2023-08-01,AAPL_QQQ_XLK,0.667333661009228
2023-08-02,AAPL_QQQ_XLK,0.36522810567184594
2023-08-03,AAPL_QQQ_XLK,0.4330415607819818
2023-08-04,AAPL_QQQ_XLK,0.07253867699383043
2023-08-07,AAPL_QQQ_XLK,-0.42980438093619966
2023-08-08,AAPL_QQQ_XLK,0.567672470563735
2023-08-09,AAPL_QQQ_XLK,0.7653473908710946
2023-08-10,AAPL_QQQ_XLK,-0.34495652596078863
2023-08-11,AAPL_QQQ_XLK,0.2754904951773284
2023-08-14,AAPL_QQQ_XLK,0.9321863885439872
2023-08-15,AAPL_QQQ_XLK,0.3153738961087109
2023-08-16,AAPL_QQQ_XLK,2.157546385579368
2023-08-17,AAPL_QQQ_XLK,0.7741451055709659
2023-08-18,AAPL_QQQ_XLK,0.27732912260103015
2023-08-21,AAPL_QQQ_XLK,-0.3148545239356348
2023-08-22,AAPL_QQQ_XLK,0.16162948983899506
2023-08-23,AAPL_QQQ_XLK,0.26733521705031793
2023-08-24,AAPL_QQQ_XLK,0.030469708183167445
2023-08-25,AAPL_QQQ_XLK,0.28375920260018
2023-08-28,AAPL_QQQ_XLK,0.6971192942710674
2023-08-29,AAPL_QQQ_XLK,0.26145448660072085
2023-08-30,AAPL_QQQ_XLK,0.7149502196376437
2023-08-31,AAPL_QQQ_XLK,-0.647750053532856
2023-09-01,AAPL_QQQ_XLK,0.03216285165776907
2023-09-04,AAPL_QQQ_XLK,0.004610699186638148
2023-09-05,AAPL_QQQ_XLK,-0.9182904848429815
2023-09-06,AAPL_QQQ_XLK,-0.08885369209023516
2023-09-07,AAPL_QQQ_XLK,0.16538989581182786
2023-09-08,AAPL_QQQ_XLK,0.5052272831768745
2023-09-11,AAPL_QQQ_XLK,0.46477583715276277
2023-09-12,AAPL_QQQ_XLK,-0.18661138376517045
2023-09-13,AAPL_QQQ_XLK,0.2615293657499013
2023-09-14,AAPL_QQQ_XLK,0.24428058740971764
2023-09-15,AAPL_QQQ_XLK,0.10956246862779231
2023-09-18,AAPL_QQQ_XLK,0.6390737765193238
2023-09-19,AAPL_QQQ_XLK,0.9473690784386798
2023-09-20,AAPL_QQQ_XLK,-0.074090167612009
2023-09-21,AAPL_QQQ_XLK,0.06244593211912482
2023-09-22,AAPL_QQQ_XLK,0.9447889961199222
2023-09-25,AAPL_QQQ_XLK,0.03048492220984397
2023-09-26,AAPL_QQQ_XLK,0.3473609577592479
2023-09-27,AAPL_QQQ_XLK,0.13519834391899532
2023-09-28,AAPL_QQQ_XLK,-0.456144913406744
2023-09-29,AAPL_QQQ_XLK,0.16323608459537456
2023-10-02,AAPL_QQQ_XLK,-0.12025582460043784
2023-10-03,AAPL_QQQ_XLK,0.08623055045872814
2023-10-04,AAPL_QQQ_XLK,0.11230847791181546
2023-10-05,AAPL_QQQ_XLK,-0.36639415205237524
2023-10-06,AAPL_QQQ_XLK,0.189739029077357
2023-10-09,AAPL_QQQ_XLK,0.9865002466827292
2023-10-10,AAPL_QQQ_XLK,-0.15846701124186843
2023-10-11,AAPL_QQQ_XLK,-0.39232441736613766
2023-10-12,AAPL_QQQ_XLK,0.5135756738741982
2023-10-13,AAPL_QQQ_XLK,0.9889410382332355
2023-10-16,AAPL_QQQ_XLK,-0.06563397822645776
2023-10-17,AAPL_QQQ_XLK,1.0086088352672897
2023-10-18,AAPL_QQQ_XLK,1.2215738235148006
2023-10-19,AAPL_QQQ_XLK,-1.1374675142029564
2023-10-20,AAPL_QQQ_XLK,0.18301995554848935
2023-10-23,AAPL_QQQ_XLK,-0.4044142260389596
2023-10-24,AAPL_QQQ_XLK,-0.7314639543849569
2023-10-25,AAPL_QQQ_XLK,0.13108237883049528
2023-10-26,AAPL_QQQ_XLK,-0.8458982216718387
2023-10-27,AAPL_QQQ_XLK,0.16144235311187602
2023-10-30,AAPL_QQQ_XLK,-0.579037016839481
2023-10-31,AAPL_QQQ_XLK,-0.31710317662496185
2023-11-01,AAPL_QQQ_XLK,0.12432095041248446
2023-11-02,AAPL_QQQ_XLK,-0.08965439209501559
2023-11-03,AAPL_QQQ_XLK,0.23321259649094503
2023-11-06,AAPL_QQQ_XLK,2.161732748364229
2023-11-07,AAPL_QQQ_XLK,0.2979812070915151
2023-11-08,AAPL_QQQ_XLK,-0.24337449813290235
2023-11-09,AAPL_QQQ_XLK,1.7153994067307146
2023-11-10,AAPL_QQQ_XLK,0.3720482404925552
2023-11-13,AAPL_QQQ_XLK,0.1413967376588306
2023-11-14,AAPL_QQQ_XLK,-0.2505356609067432
2023-11-15,AAPL_QQQ_XLK,0.1799162006821967
2023-11-16,AAPL_QQQ_XLK,0.16928020998299975
2023-11-17,AAPL_QQQ_XLK,0.3664745212600715
2023-11-20,AAPL_QQQ_XLK,0.44430183816383395
2023-11-21,AAPL_QQQ_XLK,-0.16671158202763603
2023-11-22,AAPL_QQQ_XLK,0.03300170525402645
2023-11-23,AAPL_QQQ_XLK,0.22531994487344859
2023-11-24,AAPL_QQQ_XLK,0.12921932927643937
2023-11-27,AAPL_QQQ_XLK,-1.110884475048637
2023-11-28,AAPL_QQQ_XLK,-1.059092964454367
2023-11-29,AAPL_QQQ_XLK,-0.34725055826453194
2023-11-30,AAPL_QQQ_XLK,-0.4115718537858643
2023-12-01,AAPL_QQQ_XLK,-0.5193111875949165
2023-12-04,AAPL_QQQ_XLK,0.6606511925608543
2023-12-05,AAPL_QQQ_XLK,0.5562149533894223
2023-12-06,AAPL_QQQ_XLK,0.5164502946441119
2023-12-07,AAPL_QQQ_XLK,-0.010422767954833417
2023-12-08,AAPL_QQQ_XLK,0.44398243440822005
2023-12-11,AAPL_QQQ_XLK,-0.27770750344286166
2023-12-12,AAPL_QQQ_XLK,-0.7698055509526651
2023-12-13,AAPL_QQQ_XLK,0.29461964388165196
2023-12-14,AAPL_QQQ_XLK,0.08455820148363993
2023-12-15,AAPL_QQQ_XLK,-0.29630998968191025
2023-12-18,AAPL_QQQ_XLK,-0.7881613698242218
2023-12-19,AAPL_QQQ_XLK,0.2150239921181687
2023-12-20,AAPL_QQQ_XLK,0.030420570482707885
2023-12-21,AAPL_QQQ_XLK,0.3526755632652143
2023-12-22,AAPL_QQQ_XLK,0.17805913915912489
2023-12-25,AAPL_QQQ_XLK,0.7932065509014908
2023-12-26,AAPL_QQQ_XLK,-0.4340366552535327
2023-12-27,AAPL_QQQ_XLK,-0.07431273792225009
2023-12-28,AAPL_QQQ_XLK,-0.08029616652179407
2023-12-29,AAPL_QQQ_XLK,-0.10998488435810264
2024-01-01,AAPL_QQQ_XLK,-0.5055497297224157
2024-01-02,AAPL_QQQ_XLK,-0.4592781131488806
2024-01-03,AAPL_QQQ_XLK,0.3672268670300596
2024-01-04,AAPL_QQQ_XLK,-0.088902701913852
2024-01-05,AAPL_QQQ_XLK,-0.3753328311652104
2024-01-08,AAPL_QQQ_XLK,0.23633748978758132
2024-01-09,AAPL_QQQ_XLK,0.43376904112329795
2024-01-10,AAPL_QQQ_XLK,-1.1255348534545528
2024-01-11,AAPL_QQQ_XLK,-0.15943577554066843
2024-01-12,AAPL_QQQ_XLK,0.8271242932994223
2023-01-11,JPM_XLF_KRE,0.3996727659014665
2023-01-12,JPM_XLF_KRE,-0.47205522795594734
2023-01-13,JPM_XLF_KRE,-0.29234739630432666
2023-01-16,JPM_XLF_KRE,-0.5064967671662484
2023-01-17,JPM_XLF_KRE,-0.2531640459491123
2023-01-18,JPM_XLF_KRE,-0.03066380038250939
2023-01-19,JPM_XLF_KRE,0.37702229886902155
2023-01-20,JPM_XLF_KRE,0.20288763602426374
2023-01-23,JPM_XLF_KRE,0.058189184893370306
2023-01-24,JPM_XLF_KRE,-0.22924436179559482
2023-01-25,JPM_XLF_KRE,-0.401399680360986
2023-01-26,JPM_XLF_KRE,0.19430289262818498
2023-01-27,JPM_XLF_KRE,-0.23204260459789688
2023-01-30,JPM_XLF_KRE,-0.41996119999594544
2023-01-31,JPM_XLF_KRE,0.32540069633376884
2023-02-01,JPM_XLF_KRE,-0.7267744035184761
2023-02-02,JPM_XLF_KRE,-0.826332164650957
2023-02-03,JPM_XLF_KRE,-0.8536843248467245
2023-02-06,JPM_XLF_KRE,0.225846385905078
2023-02-07,JPM_XLF_KRE,0.7125884858595299
2023-02-08,JPM_XLF_KRE,-0.12068497560970651
2023-02-09,JPM_XLF_KRE,0.13475501616262425
2023-02-10,JPM_XLF_KRE,-0.1985974330699618
2023-02-13,JPM_XLF_KRE,0.13045138582485508
2023-02-14,JPM_XLF_KRE,0.5628599618834585
2023-02-15,JPM_XLF_KRE,-0.9413290309339631
2023-02-16,JPM_XLF_KRE,-0.32586212912761203
2023-02-17,JPM_XLF_KRE,-0.025066182387593273
2023-02-20,JPM_XLF_KRE,-0.714415864855185
2023-02-21,JPM_XLF_KRE,0.15206210164848039
2023-02-22,JPM_XLF_KRE,0.22619046498248496
2023-02-23,JPM_XLF_KRE,0.14093541721018418
2023-02-24,JPM_XLF_KRE,0.41026778225430116
2023-02-27,JPM_XLF_KRE,0.3173865430971996
2023-02-28,JPM_XLF_KRE,0.5131428934838087
2023-03-01,JPM_XLF_KRE,1.5176626133162139
2023-03-02,JPM_XLF_KRE,1.264790491980327
2023-03-03,JPM_XLF_KRE,2.358497385985867
2023-03-06,JPM_XLF_KRE,0.43124418300739786
2023-03-07,JPM_XLF_KRE,0.970768203738935
2023-03-08,JPM_XLF_KRE,0.2061609888321364
2023-03-09,JPM_XLF_KRE,1.3090962981477103
2023-03-10,JPM_XLF_KRE,1.2338165552410516
2023-03-13,JPM_XLF_KRE,0.23234144729855533
2023-03-14,JPM_XLF_KRE,0.3086594055993183
2023-03-15,JPM_XLF_KRE,-1.2043644386858945
2023-03-16,JPM_XLF_KRE,0.09982840776562428
2023-03-17,JPM_XLF_KRE,-0.4056085855645889
2023-03-20,JPM_XLF_KRE,-0.2583736474317445
2023-03-21,JPM_XLF_KRE,0.035807090027228275
2023-03-22,JPM_XLF_KRE,-0.17379922137141623
2023-03-23,JPM_XLF_KRE,0.12229206696239737
2023-03-24,JPM_XLF_KRE,-0.17724630562766602
2023-03-27,JPM_XLF_KRE,0.6140886200983904
2023-03-28,JPM_XLF_KRE,-0.012297370782100565
2023-03-29,JPM_XLF_KRE,-1.0164676507345296
2023-03-30,JPM_XLF_KRE,0.10747609478939303
2023-03-31,JPM_XLF_KRE,0.23485032913166695
2023-04-03,JPM_XLF_KRE,-0.4561084651670879
2023-04-04,JPM_XLF_KRE,0.17348676874995236
2023-04-05,JPM_XLF_KRE,-0.45229276558262954
2023-04-06,JPM_XLF_KRE,0.16067144725998855
2023-04-07,JPM_XLF_KRE,-0.11128647552288896
2023-04-10,JPM_XLF_KRE,0.5065811300329998
2023-04-11,JPM_XLF_KRE,0.27367630812650046
2023-04-12,JPM_XLF_KRE,0.40844281344047734
2023-04-13,JPM_XLF_KRE,-2.0983743837765645
2023-04-14,JPM_XLF_KRE,-2.922706465820606
2023-04-17,JPM_XLF_KRE,-1.916633198521294
2023-04-18,JPM_XLF_KRE,-1.2970072277622648
2023-04-19,JPM_XLF_KRE,-2.058694773851286
2023-04-20,JPM_XLF_KRE,-1.908461176836676
2023-04-21,JPM_XLF_KRE,-0.21126303625175627
2023-04-24,JPM_XLF_KRE,0.5649873804506965
2023-04-25,JPM_XLF_KRE,0.44225369973051204
2023-04-26,JPM_XLF_KRE,-0.9793965951013497
2023-04-27,JPM_XLF_KRE,3.8710375946658386
2023-04-28,JPM_XLF_KRE,-1.5926478623422837
2023-05-01,JPM_XLF_KRE,-1.4712124642322695
2023-05-02,JPM_XLF_KRE,2.0445627171078504
2023-05-03,JPM_XLF_KRE,0.6600770738925473
2023-05-04,JPM_XLF_KRE,0.852833167811353
2023-05-05,JPM_XLF_KRE,-0.6966182052673725
2023-05-08,JPM_XLF_KRE,1.0962769194109836
2023-05-09,JPM_XLF_KRE,0.42279815404983406
2023-05-10,JPM_XLF_KRE,-0.6930412372421909
2023-05-11,JPM_XLF_KRE,0.16665435485279548
2023-05-12,JPM_XLF_KRE,-0.2273488030338724
2023-05-15,JPM_XLF_KRE,-0.22008232242043296
2023-05-16,JPM_XLF_KRE,0.018715936596880114
2023-05-17,JPM_XLF_KRE,0.42583676079659477
2023-05-18,JPM_XLF_KRE,0.3095284965236201
2023-05-19,JPM_XLF_KRE,0.0751300156116084
2023-05-22,JPM_XLF_KRE,0.28300713680428863
2023-05-23,JPM_XLF_KRE,0.4652306628859139
2023-05-24,JPM_XLF_KRE,-0.16458201600928982
2023-05-25,JPM_XLF_KRE,0.7378212717309468
2023-05-26,JPM_XLF_KRE,0.1097040773100485
2023-05-29,JPM_XLF_KRE,-0.11702898706759887
2023-05-30,JPM_XLF_KRE,-0.6070987115331475
2023-05-31,JPM_XLF_KRE,0.09922398292272536
2023-06-01,JPM_XLF_KRE,-0.13465535499073794
2023-06-02,JPM_XLF_KRE,-0.04577168521844585
2023-06-05,JPM_XLF_KRE,-0.06101975373351682
2023-06-06,JPM_XLF_KRE,-1.1964771989612237
2023-06-07,JPM_XLF_KRE,0.0744452647075967
2023-06-08,JPM_XLF_KRE,-0.08923896753979821
2023-06-09,JPM_XLF_KRE,-0.035557800893714665
2023-06-12,JPM_XLF_KRE,1.9777534248020177
2023-06-13,JPM_XLF_KRE,-1.3229044049625045
2023-06-14,JPM_XLF_KRE,1.6078068144423832
2023-06-15,JPM_XLF_KRE,1.004694276793234
2023-06-16,JPM_XLF_KRE,0.6082118122064909
2023-06-19,JPM_XLF_KRE,0.4933199998418981
2023-06-20,JPM_XLF_KRE,0.956347714880634
2023-06-21,JPM_XLF_KRE,-0.6405641416427088
2023-06-22,JPM_XLF_KRE,-2.0295270656018958
2023-06-23,JPM_XLF_KRE,1.4241792830586462
2023-06-26,JPM_XLF_KRE,-0.3822056613688493
2023-06-27,JPM_XLF_KRE,-0.12654466821069407
2023-06-28,JPM_XLF_KRE,-0.5660412580207088
2023-06-29,JPM_XLF_KRE,0.6386026473319596
2023-06-30,JPM_XLF_KRE,0.518841298283106
2023-07-03,JPM_XLF_KRE,-0.19898261211023477
2023-07-04,JPM_XLF_KRE,-0.22436200446200544
2023-07-05,JPM_XLF_KRE,-0.3475614735411627
2023-07-06,JPM_XLF_KRE,0.7721056741398402
2023-07-07,JPM_XLF_KRE,-0.3450473737488296
2023-07-10,JPM_XLF_KRE,0.1193270150535438
2023-07-11,JPM_XLF_KRE,-0.26297287896298743
2023-07-12,JPM_XLF_KRE,0.09299122137296971
2023-07-13,JPM_XLF_KRE,-0.4296403467477941
2023-07-14,JPM_XLF_KRE,0.16732065191605497
2023-07-17,JPM_XLF_KRE,0.18641767310971435
2023-07-18,JPM_XLF_KRE,0.5518987921335758
2023-07-19,JPM_XLF_KRE,0.31755365454359896
2023-07-20,JPM_XLF_KRE,0.6003900635500894
2023-07-21,JPM_XLF_KRE,0.059865539151227755
2023-07-24,JPM_XLF_KRE,0.26334820790677876
2023-07-25,JPM_XLF_KRE,-0.28075870964388594
2023-07-26,JPM_XLF_KRE,-0.21673642662343612
2023-07-27,JPM_XLF_KRE,-0.14969871635231852
2023-07-28,JPM_XLF_KRE,-0.5623498648347934
2023-07-31,JPM_XLF_KRE,0.18387518916070408
2023-08-01,JPM_XLF_KRE,0.021435744326910366
2023-08-02,JPM_XLF_KRE,0.3354889087185179
2023-08-03,JPM_XLF_KRE,0.1789895160944059
2023-08-04,JPM_XLF_KRE,0.2455253867155805
2023-08-07,JPM_XLF_KRE,-0.4285667570981904
2023-08-08,JPM_XLF_KRE,-0.17362155591685857
2023-08-09,JPM_XLF_KRE,0.02641257013991229
2023-08-10,JPM_XLF_KRE,0.061119189494467804
2023-08-11,JPM_XLF_KRE,1.2267224047548722
2023-08-14,JPM_XLF_KRE,0.9083349029890806
2023-08-15,JPM_XLF_KRE,1.3083039882898242
2023-08-16,JPM_XLF_KRE,0.4167120537880302
2023-08-17,JPM_XLF_KRE,0.3272322583327837
2023-08-18,JPM_XLF_KRE,0.5583386292187607
2023-08-21,JPM_XLF_KRE,0.14737897686056664
2023-08-22,JPM_XLF_KRE,-0.059649610728973096
2023-08-23,JPM_XLF_KRE,-0.3308694464473988
2023-08-24,JPM_XLF_KRE,-0.2684150082850642
2023-08-25,JPM_XLF_KRE,-0.6660972720228648
2023-08-28,JPM_XLF_KRE,0.5248131563451849
2023-08-29,JPM_XLF_KRE,0.5013063016788616
2023-08-30,JPM_XLF_KRE,0.12888047338458758
2023-08-31,JPM_XLF_KRE,0.2577142194913189
2023-09-01,JPM_XLF_KRE,0.06332232099212655
2023-09-04,JPM_XLF_KRE,0.3704481744173001
2023-09-05,JPM_XLF_KRE,-0.42779603752542233
2023-09-06,JPM_XLF_KRE,0.16203654817078947
2023-09-07,JPM_XLF_KRE,-0.2591918392675025
2023-09-08,JPM_XLF_KRE,0.0008793109340288105
2023-09-11,JPM_XLF_KRE,-0.635643505345901
2023-09-12,JPM_XLF_KRE,0.15565473359467333
2023-09-13,JPM_XLF_KRE,-0.0026145873011619468
2023-09-14,JPM_XLF_KRE,-0.3595645977040158
2023-09-15,JPM_XLF_KRE,-0.08644991644859377
2023-09-18,JPM_XLF_KRE,0.12505507534641652
2023-09-19,JPM_XLF_KRE,-0.2356080941406863
2023-09-20,JPM_XLF_KRE,-0.16058320084928843
2023-09-21,JPM_XLF_KRE,-0.11711647235736154
2023-09-22,JPM_XLF_KRE,0.542932554653722
2023-09-25,JPM_XLF_KRE,-0.5226665217735305
2023-09-26,JPM_XLF_KRE,-0.24171546982328693
2023-09-27,JPM_XLF_KRE,0.20774501497967876
2023-09-28,JPM_XLF_KRE,0.6620865944563662
2023-09-29,JPM_XLF_KRE,0.35572526350341016
2023-10-02,JPM_XLF_KRE,0.5490488470606119
2023-10-03,JPM_XLF_KRE,0.09502216456132331
2023-10-04,JPM_XLF_KRE,-0.18093460709079978
2023-10-05,JPM_XLF_KRE,-0.08125029993073982
2023-10-06,JPM_XLF_KRE,0.4084374475349922
2023-10-09,JPM_XLF_KRE,0.6856578682097416
2023-10-10,JPM_XLF_KRE,0.6055168407724213
2023-10-11,JPM_XLF_KRE,0.03110508101906865
2023-10-12,JPM_XLF_KRE,-0.15663400376819697
2023-10-13,JPM_XLF_KRE,-0.740482743202623
2023-10-16,JPM_XLF_KRE,-0.3603245726956866
2023-10-17,JPM_XLF_KRE,-0.16399056885288865
2023-10-18,JPM_XLF_KRE,0.9100991403796249
2023-10-19,JPM_XLF_KRE,-0.4685246830528127
2023-10-20,JPM_XLF_KRE,-0.3236028648971869
2023-10-23,JPM_XLF_KRE,-0.16295812320276673
2023-10-24,JPM_XLF_KRE,0.5814535454925888
2023-10-25,JPM_XLF_KRE,1.5560334565825489
2023-10-26,JPM_XLF_KRE,0.19598608057158956
2023-10-27,JPM_XLF_KRE,-0.18015081294001106
2023-10-30,JPM_XLF_KRE,0.34542222677857015
2023-10-31,JPM_XLF_KRE,-1.205033433921412
2023-11-01,JPM_XLF_KRE,-0.37793402372622
2023-11-02,JPM_XLF_KRE,-0.22150274489809552
2023-11-03,JPM_XLF_KRE,-0.7981315108766831
2023-11-06,JPM_XLF_KRE,-0.15455248805490815
2023-11-07,JPM_XLF_KRE,-0.5126862474894998
2023-11-08,JPM_XLF_KRE,0.07360201988331593
2023-11-09,JPM_XLF_KRE,0.10883673436194075
2023-11-10,JPM_XLF_KRE,0.0005217130046048986
2023-11-13,JPM_XLF_KRE,0.3235113917972213
2023-11-14,JPM_XLF_KRE,-1.3534076927541927
2023-11-15,JPM_XLF_KRE,1.0610742958852524
2023-11-16,JPM_XLF_KRE,0.12832185506140265
2023-11-17,JPM_XLF_KRE,1.1019705186595925
2023-11-20,JPM_XLF_KRE,-0.42953669499170616
2023-11-21,JPM_XLF_KRE,0.5978614643962619
2023-11-22,JPM_XLF_KRE,0.3309015986520223
2023-11-23,JPM_XLF_KRE,0.08543264119493765
2023-11-24,JPM_XLF_KRE,1.4920081648269397
2023-11-27,JPM_XLF_KRE,1.2139719394784678
2023-11-28,JPM_XLF_KRE,1.7732090695334235
2023-11-29,JPM_XLF_KRE,0.9829599644085235
2023-11-30,JPM_XLF_KRE,1.4054344397176712
2023-12-01,JPM_XLF_KRE,0.9789475789197937
2023-12-04,JPM_XLF_KRE,1.5626028581382116
2023-12-05,JPM_XLF_KRE,0.529074439225188
2023-12-06,JPM_XLF_KRE,0.9957578039653507
2023-12-07,JPM_XLF_KRE,1.0876831762858523
2023-12-08,JPM_XLF_KRE,1.2215314325151383
2023-12-11,JPM_XLF_KRE,1.9276653683838574
2023-12-12,JPM_XLF_KRE,0.15390479803921908
2023-12-13,JPM_XLF_KRE,-0.0019934493528472874
2023-12-14,JPM_XLF_KRE,-0.210781632094871
2023-12-15,JPM_XLF_KRE,0.4230071006842193
2023-12-18,JPM_XLF_KRE,0.39551641365069934
2023-12-19,JPM_XLF_KRE,1.11967527698509
2023-12-20,JPM_XLF_KRE,0.7245671126641142
2023-12-21,JPM_XLF_KRE,0.45589266628361746
2023-12-22,JPM_XLF_KRE,0.03891932209663451
2023-12-25,JPM_XLF_KRE,0.577228417606968
2023-12-26,JPM_XLF_KRE,1.486706866750727
2023-12-27,JPM_XLF_KRE,-0.8386164952246153
2023-12-28,JPM_XLF_KRE,1.014385135570927
2023-12-29,JPM_XLF_KRE,2.2776771793971746
2024-01-01,JPM_XLF_KRE,1.3969934839263034
2024-01-02,JPM_XLF_KRE,1.329422589597313
2024-01-03,JPM_XLF_KRE,0.7982033521350778
2024-01-04,JPM_XLF_KRE,0.22653736019997206
2024-01-05,JPM_XLF_KRE,1.962082934788967
2024-01-08,JPM_XLF_KRE,1.4298567514105802
2024-01-09,JPM_XLF_KRE,0.965103772483399
2024-01-10,JPM_XLF_KRE,1.200404639171685
2024-01-11,JPM_XLF_KRE,-0.04731127694455228
2024-01-12,JPM_XLF_KRE,-0.07159720319187364
2023-01-11,NVDA_SMH_QQQ,0.11798524495537385
2023-01-12,NVDA_SMH_QQQ,-0.08635177806396628
2023-01-13,NVDA_SMH_QQQ,0.10429099525141412
2023-01-16,NVDA_SMH_QQQ,1.1057476655795793
2023-01-17,NVDA_SMH_QQQ,-0.3374477804455717
2023-01-18,NVDA_SMH_QQQ,0.6053062995249787
2023-01-19,NVDA_SMH_QQQ,0.33598622799380373
2023-01-20,NVDA_SMH_QQQ,-0.2952739897291181
2023-01-23,NVDA_SMH_QQQ,-0.4216279881205768
2023-01-24,NVDA_SMH_QQQ,-0.5044327254830246
2023-01-25,NVDA_SMH_QQQ,0.11057308409827904
2023-01-26,NVDA_SMH_QQQ,-0.31375214673469065
2023-01-27,NVDA_SMH_QQQ,-0.5188463420366407
2023-01-30,NVDA_SMH_QQQ,-0.4696090522791221
2023-01-31,NVDA_SMH_QQQ,-0.11499592474100756
2023-02-01,NVDA_SMH_QQQ,-0.6496381120122597
2023-02-02,NVDA_SMH_QQQ,-0.6063179376544493
2023-02-03,NVDA_SMH_QQQ,0.37187252856552216
2023-02-06,NVDA_SMH_QQQ,0.039681261265351854
2023-02-07,NVDA_SMH_QQQ,-0.4649947170761482
2023-02-08,NVDA_SMH_QQQ,0.014340737689351105
2023-02-09,NVDA_SMH_QQQ,-0.4155751563973668
2023-02-10,NVDA_SMH_QQQ,0.40876236567726587
2023-02-13,NVDA_SMH_QQQ,0.10651329632454296
2023-02-14,NVDA_SMH_QQQ,0.17965093204865928
2023-02-15,NVDA_SMH_QQQ,0.4700601035563769
2023-02-16,NVDA_SMH_QQQ,-0.3104507454067416
2023-02-17,NVDA_SMH_QQQ,0.21036713618257177
2023-02-20,NVDA_SMH_QQQ,0.015312245563558409
2023-02-21,NVDA_SMH_QQQ,0.083137064188076
2023-02-22,NVDA_SMH_QQQ,-0.47143936878932086
2023-02-23,NVDA_SMH_QQQ,0.9258873593468606
2023-02-24,NVDA_SMH_QQQ,-0.9100879788227978
2023-02-27,NVDA_SMH_QQQ,-0.40724965822501374
2023-02-28,NVDA_SMH_QQQ,0.0859992085178485
2023-03-01,NVDA_SMH_QQQ,0.2700057886893901
2023-03-02,NVDA_SMH_QQQ,-0.1538555579180729
2023-03-03,NVDA_SMH_QQQ,2.2313125495384627
2023-03-06,NVDA_SMH_QQQ,1.1749301841633484
2023-03-07,NVDA_SMH_QQQ,1.4930404914312811
2023-03-08,NVDA_SMH_QQQ,2.1185664193862657
2023-03-09,NVDA_SMH_QQQ,-0.39721371165689756
2023-03-10,NVDA_SMH_QQQ,-0.04293674382343058
2023-03-13,NVDA_SMH_QQQ,-0.2996272938518292
2023-03-14,NVDA_SMH_QQQ,1.0893020705215466
2023-03-15,NVDA_SMH_QQQ,-0.49741004152241175
2023-03-16,NVDA_SMH_QQQ,-0.6997591467694081
2023-03-17,NVDA_SMH_QQQ,-0.03833432997370713
2023-03-20,NVDA_SMH_QQQ,0.5744412471829007
2023-03-21,NVDA_SMH_QQQ,0.4960534528248632
2023-03-22,NVDA_SMH_QQQ,0.34395369006992826
2023-03-23,NVDA_SMH_QQQ,0.17686908498262674
2023-03-24,NVDA_SMH_QQQ,1.631550510747188
2023-03-27,NVDA_SMH_QQQ,-0.6050719668801555
2023-03-28,NVDA_SMH_QQQ,-0.5765659811411417
2023-03-29,NVDA_SMH_QQQ,1.8443794583322062
2023-03-30,NVDA_SMH_QQQ,-1.0278529181649192
2023-03-31,NVDA_SMH_QQQ,2.1905762684385883
2023-04-03,NVDA_SMH_QQQ,-0.07597604600872172
2023-04-04,NVDA_SMH_QQQ,-1.1908826454931754
2023-04-05,NVDA_SMH_QQQ,0.5891349081235014
2023-04-06,NVDA_SMH_QQQ,1.3073571609766825
2023-04-07,NVDA_SMH_QQQ,1.041213293060092
2023-04-10,NVDA_SMH_QQQ,1.1915363985361818
2023-04-11,NVDA_SMH_QQQ,-0.3005991529466365
2023-04-12,NVDA_SMH_QQQ,-1.6292663590503655
2023-04-13,NVDA_SMH_QQQ,-0.10303494968636699
2023-04-14,NVDA_SMH_QQQ,-1.511125815613338
2023-04-17,NVDA_SMH_QQQ,0.3198486878092285
2023-04-18,NVDA_SMH_QQQ,1.6272510114239997
2023-04-19,NVDA_SMH_QQQ,-0.10885972298613918
2023-04-20,NVDA_SMH_QQQ,-0.6460659739828013
2023-04-21,NVDA_SMH_QQQ,1.4500115753020957
2023-04-24,NVDA_SMH_QQQ,-1.2290085765275722
2023-04-25,NVDA_SMH_QQQ,-0.08649645174429033
2023-04-26,NVDA_SMH_QQQ,0.7241489562923458
2023-04-27,NVDA_SMH_QQQ,-0.48288839002132616
2023-04-28,NVDA_SMH_QQQ,3.2661810970814487
2023-05-01,NVDA_SMH_QQQ,0.6554512506262549
2023-05-02,NVDA_SMH_QQQ,1.186305884740678
2023-05-03,NVDA_SMH_QQQ,2.384228271602081
2023-05-04,NVDA_SMH_QQQ,-2.563814722417661
2023-05-05,NVDA_SMH_QQQ,0.75156124339818
2023-05-08,NVDA_SMH_QQQ,0.5304898335718383
2023-05-09,NVDA_SMH_QQQ,1.015896736536864
2023-05-10,NVDA_SMH_QQQ,2.239627619702744
2023-05-11,NVDA_SMH_QQQ,4.668083463317503
2023-05-12,NVDA_SMH_QQQ,-1.1037365193232131
2023-05-15,NVDA_SMH_QQQ,2.0723001207273737
2023-05-16,NVDA_SMH_QQQ,-0.9224913397760842
2023-05-17,NVDA_SMH_QQQ,-3.1443128632057613
2023-05-18,NVDA_SMH_QQQ,1.1655136348997506
2023-05-19,NVDA_SMH_QQQ,-0.004682382092729691
2023-05-22,NVDA_SMH_QQQ,-0.5029034971025159
2023-05-23,NVDA_SMH_QQQ,-0.21435450500335454
2023-05-24,NVDA_SMH_QQQ,-0.7935522359967639
2023-05-25,NVDA_SMH_QQQ,-0.09105761397675144
2023-05-26,NVDA_SMH_QQQ,0.7294034513047218
2023-05-29,NVDA_SMH_QQQ,0.36546389819897906
2023-05-30,NVDA_SMH_QQQ,0.5245524233643475
2023-05-31,NVDA_SMH_QQQ,0.8111813634530608
2023-06-01,NVDA_SMH_QQQ,0.05374275121363089
2023-06-02,NVDA_SMH_QQQ,0.8529170942549017
2023-06-05,NVDA_SMH_QQQ,0.0129903884462626
2023-06-06,NVDA_SMH_QQQ,0.4238822010664839
2023-06-07,NVDA_SMH_QQQ,0.5369509611417661
2023-06-08,NVDA_SMH_QQQ,0.5048822309280933
2023-06-09,NVDA_SMH_QQQ,0.05103427667969432
2023-06-12,NVDA_SMH_QQQ,-0.3320472952081304
2023-06-13,NVDA_SMH_QQQ,0.7150960352309127
2023-06-14,NVDA_SMH_QQQ,0.04719844610280154
2023-06-15,NVDA_SMH_QQQ,0.6202335602405435
2023-06-16,NVDA_SMH_QQQ,-0.12986124844078265
2023-06-19,NVDA_SMH_QQQ,0.42601382746298655
2023-06-20,NVDA_SMH_QQQ,-0.10461317966724558
2023-06-21,NVDA_SMH_QQQ,0.13842471131928738
2023-06-22,NVDA_SMH_QQQ,0.09054533031974699
2023-06-23,NVDA_SMH_QQQ,0.43383220379351917
2023-06-26,NVDA_SMH_QQQ,-0.21074389943884914
2023-06-27,NVDA_SMH_QQQ,-0.5064918771171312
2023-06-28,NVDA_SMH_QQQ,-0.6292305247351139
2023-06-29,NVDA_SMH_QQQ,-0.5405160606254064
2023-06-30,NVDA_SMH_QQQ,-0.11057211520021482
2023-07-03,NVDA_SMH_QQQ,-0.09010910885850774
2023-07-04,NVDA_SMH_QQQ,-0.1461310570265907
2023-07-05,NVDA_SMH_QQQ,-0.1661253376540598
2023-07-06,NVDA_SMH_QQQ,-0.21242057162157857
2023-07-07,NVDA_SMH_QQQ,0.5972286083249042
2023-07-10,NVDA_SMH_QQQ,-0.9475192017240547
2023-07-11,NVDA_SMH_QQQ,-0.7689843286652712
2023-07-12,NVDA_SMH_QQQ,-0.6099003463635275
2023-07-13,NVDA_SMH_QQQ,-0.8754611849742863
2023-07-14,NVDA_SMH_QQQ,1.143883030963172
2023-07-17,NVDA_SMH_QQQ,-0.4483575504680975
2023-07-18,NVDA_SMH_QQQ,-0.1441544655762813
2023-07-19,NVDA_SMH_QQQ,0.7068913364593652
2023-07-20,NVDA_SMH_QQQ,-0.7358388737717425
2023-07-21,NVDA_SMH_QQQ,0.37991889180737726
2023-07-24,NVDA_SMH_QQQ,0.44266244530461657
2023-07-25,NVDA_SMH_QQQ,-0.5318559887891061
2023-07-26,NVDA_SMH_QQQ,0.2903698190594948
2023-07-27,NVDA_SMH_QQQ,-0.41618622469942995
2023-07-28,NVDA_SMH_QQQ,-0.14201337173009354
2023-07-31,NVDA_SMH_QQQ,0.5781138257111467
2023-08-01,NVDA_SMH_QQQ,0.8754945538865905
2023-08-02,NVDA_SMH_QQQ,0.27102191828619965
2023-08-03,NVDA_SMH_QQQ,0.2932354564220913
2023-08-04,NVDA_SMH_QQQ,0.40510398664272623
2023-08-07,NVDA_SMH_QQQ,0.6376586205740713
2023-08-08,NVDA_SMH_QQQ,-0.6983067792011434
2023-08-09,NVDA_SMH_QQQ,0.13633489085649392
2023-08-10,NVDA_SMH_QQQ,-0.6031193068874535
2023-08-11,NVDA_SMH_QQQ,0.0056359581329826465
2023-08-14,NVDA_SMH_QQQ,-0.019433459592800913
2023-08-15,NVDA_SMH_QQQ,-1.1964646817625375
2023-08-16,NVDA_SMH_QQQ,0.1755629833700683
2023-08-17,NVDA_SMH_QQQ,-0.18325209698004366
2023-08-18,NVDA_SMH_QQQ,0.5490954022161852
2023-08-21,NVDA_SMH_QQQ,-0.349951879674436
2023-08-22,NVDA_SMH_QQQ,0.29603965278298555
2023-08-23,NVDA_SMH_QQQ,0.3668774173862824
2023-08-24,NVDA_SMH_QQQ,0.5189006592096124
2023-08-25,NVDA_SMH_QQQ,-0.3941445167404273
2023-08-28,NVDA_SMH_QQQ,-0.001589275790981408
2023-08-29,NVDA_SMH_QQQ,0.8324378318013209
2023-08-30,NVDA_SMH_QQQ,-0.1874685167810918
2023-08-31,NVDA_SMH_QQQ,-0.4415971725094235
2023-09-01,NVDA_SMH_QQQ,0.47974070231060656
2023-09-04,NVDA_SMH_QQQ,1.1569696911901248
2023-09-05,NVDA_SMH_QQQ,-0.23106641112113716
2023-09-06,NVDA_SMH_QQQ,-0.29145382766060296
2023-09-07,NVDA_SMH_QQQ,-0.19134783522069415
2023-09-08,NVDA_SMH_QQQ,-0.20455362215622833
2023-09-11,NVDA_SMH_QQQ,-0.7938036111660356
2023-09-12,NVDA_SMH_QQQ,-0.4551568217574651
2023-09-13,NVDA_SMH_QQQ,0.4634668183635434
2023-09-14,NVDA_SMH_QQQ,0.05390578600486546
2023-09-15,NVDA_SMH_QQQ,0.6212720268112257
2023-09-18,NVDA_SMH_QQQ,0.0746027100818236
2023-09-19,NVDA_SMH_QQQ,0.19938179421119534
2023-09-20,NVDA_SMH_QQQ,-0.03492670572880758
2023-09-21,NVDA_SMH_QQQ,-0.9749457637476228
2023-09-22,NVDA_SMH_QQQ,0.6576486024581747
2023-09-25,NVDA_SMH_QQQ,0.00920913322051988
2023-09-26,NVDA_SMH_QQQ,0.3989708568001056
2023-09-27,NVDA_SMH_QQQ,0.18046012762546657
2023-09-28,NVDA_SMH_QQQ,0.353019212908702
2023-09-29,NVDA_SMH_QQQ,-0.1608184823394915
2023-10-02,NVDA_SMH_QQQ,0.33162801355207633
2023-10-03,NVDA_SMH_QQQ,0.2997349065852215
2023-10-04,NVDA_SMH_QQQ,-0.04984883650847658
2023-10-05,NVDA_SMH_QQQ,0.12723724973091294
2023-10-06,NVDA_SMH_QQQ,-0.32183564542555493
2023-10-09,NVDA_SMH_QQQ,0.15023627902617664
2023-10-10,NVDA_SMH_QQQ,0.05807372367603956
2023-10-11,NVDA_SMH_QQQ,0.2910522574347327
2023-10-12,NVDA_SMH_QQQ,0.0059944132816109556
2023-10-13,NVDA_SMH_QQQ,0.12229130098075364
2023-10-16,NVDA_SMH_QQQ,1.5766415964901075
2023-10-17,NVDA_SMH_QQQ,2.0399245967135635
2023-10-18,NVDA_SMH_QQQ,1.4613328937211327
2023-10-19,NVDA_SMH_QQQ,-3.0553856256496505
2023-10-20,NVDA_SMH_QQQ,0.8778781382862362
2023-10-23,NVDA_SMH_QQQ,-0.40032381707051024
2023-10-24,NVDA_SMH_QQQ,-2.5882474999253016
2023-10-25,NVDA_SMH_QQQ,-3.775370810496572
2023-10-26,NVDA_SMH_QQQ,1.512227109377117
2023-10-27,NVDA_SMH_QQQ,1.7926366973248569
2023-10-30,NVDA_SMH_QQQ,1.6523641144537635
2023-10-31,NVDA_SMH_QQQ,1.6375049800559176
2023-11-01,NVDA_SMH_QQQ,0.6321769448210783
2023-11-02,NVDA_SMH_QQQ,1.4628322630920363
2023-11-03,NVDA_SMH_QQQ,0.48028174083874264
2023-11-06,NVDA_SMH_QQQ,-0.08359842492246794
2023-11-07,NVDA_SMH_QQQ,0.43734972472594924
2023-11-08,NVDA_SMH_QQQ,0.16108341293290757
2023-11-09,NVDA_SMH_QQQ,0.7153198034745548
2023-11-10,NVDA_SMH_QQQ,-0.15949539141436733
2023-11-13,NVDA_SMH_QQQ,0.31181438823447394
2023-11-14,NVDA_SMH_QQQ,0.5353097112811058
2023-11-15,NVDA_SMH_QQQ,0.32421359294180124
2023-11-16,NVDA_SMH_QQQ,0.6583359746539721
2023-11-17,NVDA_SMH_QQQ,0.40465210629809495
2023-11-20,NVDA_SMH_QQQ,-0.3769599279612368
2023-11-21,NVDA_SMH_QQQ,0.5570421833963589
2023-11-22,NVDA_SMH_QQQ,-0.09470342154159947
2023-11-23,NVDA_SMH_QQQ,0.09524219782073906
2023-11-24,NVDA_SMH_QQQ,0.6854481209064588
2023-11-27,NVDA_SMH_QQQ,0.17789231757268875
2023-11-28,NVDA_SMH_QQQ,-0.1081479444716701
2023-11-29,NVDA_SMH_QQQ,0.0526382708110783
2023-11-30,NVDA_SMH_QQQ,-0.6935554493586796
2023-12-01,NVDA_SMH_QQQ,-0.12136710160010813
2023-12-04,NVDA_SMH_QQQ,0.17561116026575452
2023-12-05,NVDA_SMH_QQQ,0.28618865032745533
2023-12-06,NVDA_SMH_QQQ,-0.6360359476634315
2023-12-07,NVDA_SMH_QQQ,0.546433672759182
2023-12-08,NVDA_SMH_QQQ,0.10914307746478136
2023-12-11,NVDA_SMH_QQQ,1.0509315174836202
2023-12-12,NVDA_SMH_QQQ,-0.5329151995755786
2023-12-13,NVDA_SMH_QQQ,0.2292861633402968
2023-12-14,NVDA_SMH_QQQ,0.2505341246217368
2023-12-15,NVDA_SMH_QQQ,-0.027515540909364585
2023-12-18,NVDA_SMH_QQQ,-0.9005033262190361
2023-12-19,NVDA_SMH_QQQ,0.039373395266652705
2023-12-20,NVDA_SMH_QQQ,-0.6210803295153846
2023-12-21,NVDA_SMH_QQQ,1.1136702830584226
2023-12-22,NVDA_SMH_QQQ,0.6662332658505739
2023-12-25,NVDA_SMH_QQQ,-0.2546386335578037
2023-12-26,NVDA_SMH_QQQ,1.6094926742382336
2023-12-27,NVDA_SMH_QQQ,0.4496737401735942
2023-12-28,NVDA_SMH_QQQ,0.4969506578609433
2023-12-29,NVDA_SMH_QQQ,0.8632052427167022
2024-01-01,NVDA_SMH_QQQ,2.099366160963503
2024-01-02,NVDA_SMH_QQQ,0.9262868677527509
2024-01-03,NVDA_SMH_QQQ,0.2696470405414595
2024-01-04,NVDA_SMH_QQQ,0.29001780933705545
2024-01-05,NVDA_SMH_QQQ,0.2283348182622077
2024-01-08,NVDA_SMH_QQQ,1.2031283400854627
2024-01-09,NVDA_SMH_QQQ,0.27171842465616414
2024-01-10,NVDA_SMH_QQQ,-0.4382173335878339
2024-01-11,NVDA_SMH_QQQ,0.07409312431013985
2024-01-12,NVDA_SMH_QQQ,0.5618390467773039
